2023-03-14 17:11:57.161;startTestrun
2023-03-14 17:21:57.160;stopTestrun
2023-03-14 17:22:57.363;startTestrun
2023-03-14 17:32:57.478;stopTestrun
2023-03-14 17:33:57.723;startTestrun
2023-03-14 17:43:57.714;stopTestrun
2023-03-14 17:44:58.001;startTestrun
2023-03-14 17:54:58.124;stopTestrun
2023-03-14 17:55:58.357;startTestrun
2023-03-14 18:05:58.388;stopTestrun
2023-03-14 18:06:58.650;startTestrun
2023-03-14 18:16:58.645;stopTestrun
2023-03-14 18:17:58.941;startTestrun
2023-03-14 18:27:58.977;stopTestrun
2023-03-14 18:28:59.264;startTestrun
2023-03-14 18:38:59.361;stopTestrun
2023-03-14 18:39:59.526;startTestrun
2023-03-14 18:49:59.608;stopTestrun
2023-03-14 18:50:59.793;startTestrun
2023-03-14 19:00:59.839;stopTestrun
2023-03-14 19:02:00.033;startTestrun
2023-03-14 19:12:00.110;stopTestrun
2023-03-14 19:13:00.462;startTestrun
2023-03-14 19:23:00.442;stopTestrun
2023-03-14 19:24:00.691;startTestrun
2023-03-14 19:34:00.681;stopTestrun
2023-03-14 19:35:00.898;startTestrun
2023-03-14 19:45:01.007;stopTestrun
2023-03-14 19:46:01.186;startTestrun
2023-03-14 19:56:01.210;stopTestrun
2023-03-14 19:57:01.434;startTestrun
2023-03-14 20:07:01.495;stopTestrun
2023-03-14 20:08:01.683;startTestrun
2023-03-14 20:18:01.757;stopTestrun
2023-03-14 20:19:02.020;startTestrun
2023-03-14 20:29:02.057;stopTestrun
2023-03-14 20:30:02.325;startTestrun
2023-03-14 20:40:02.375;stopTestrun
2023-03-14 20:41:02.669;startTestrun
2023-03-14 20:51:02.755;stopTestrun
2023-03-14 20:52:02.998;startTestrun
2023-03-14 21:02:02.975;stopTestrun
2023-03-14 21:03:03.247;startTestrun
2023-03-14 21:13:03.262;stopTestrun
2023-03-14 21:14:03.460;startTestrun
2023-03-14 21:24:03.467;stopTestrun
2023-03-14 21:25:03.723;startTestrun
2023-03-14 21:35:03.795;stopTestrun
2023-03-14 21:36:04.077;startTestrun
2023-03-14 21:46:04.066;stopTestrun
2023-03-14 21:47:04.259;startTestrun
2023-03-14 21:57:04.378;stopTestrun
2023-03-14 21:58:04.595;startTestrun
2023-03-14 22:08:04.639;stopTestrun
2023-03-14 22:09:04.931;startTestrun
2023-03-14 22:19:04.963;stopTestrun
2023-03-14 22:20:05.201;startTestrun
2023-03-14 22:30:05.216;stopTestrun
2023-03-14 22:31:05.486;startTestrun
2023-03-14 22:41:05.544;stopTestrun
